path,label,type,ae_score,ae_verdict,cnn_score,cnn_verdict
test/good/000.png,0,good,0.004258868284523487,OK,0.026009732857346535,OK
test/good/002.png,0,good,0.005560130812227726,REJECT,0.009420474991202354,OK
test/good/003.png,0,good,0.0027082639280706644,OK,0.004969374742358923,OK
test/good/007.png,0,good,0.0033095190301537514,OK,0.02660529688000679,OK
test/good/008.png,0,good,0.003318345407024026,OK,0.011946241371333599,OK
test/good/009.png,0,good,0.00268097803927958,OK,0.003938374575227499,OK
test/good/010.png,0,good,0.0048108710907399654,REJECT,0.017103152349591255,OK
test/good/013.png,0,good,0.0026876868214458227,OK,0.009041061624884605,OK
test/good/018.png,0,good,0.0020732309203594923,OK,0.02524429000914097,OK
test/good/019.png,0,good,0.0029629655182361603,OK,0.019823957234621048,OK
test/broken_large/002.png,1,broken_large,0.007102607283741236,REJECT,1.0,REJECT
test/broken_large/003.png,1,broken_large,0.010148822329938412,REJECT,0.9999998807907104,REJECT
test/broken_large/007.png,1,broken_large,0.006481220945715904,REJECT,0.9999998807907104,REJECT
test/broken_large/008.png,1,broken_large,0.03916369378566742,REJECT,1.0,REJECT
test/broken_large/010.png,1,broken_large,0.01614069566130638,REJECT,1.0,REJECT
test/broken_large/015.png,1,broken_large,0.01297105010598898,REJECT,0.9999998807907104,REJECT
test/broken_large/016.png,1,broken_large,0.03575852885842323,REJECT,1.0,REJECT
test/broken_large/017.png,1,broken_large,0.035244785249233246,REJECT,0.9999997615814209,REJECT
test/broken_large/018.png,1,broken_large,0.03482760116457939,REJECT,1.0,REJECT
test/broken_large/019.png,1,broken_large,0.008110172115266323,REJECT,1.0,REJECT
test/broken_small/001.png,1,broken_small,0.02112729288637638,REJECT,0.9999332427978516,REJECT
test/broken_small/010.png,1,broken_small,0.03289485350251198,REJECT,0.999994158744812,REJECT
test/broken_small/011.png,1,broken_small,0.027059074491262436,REJECT,0.9998918771743774,REJECT
test/broken_small/013.png,1,broken_small,0.012589474208652973,REJECT,0.9997206330299377,REJECT
test/broken_small/014.png,1,broken_small,0.015420030802488327,REJECT,0.9999371767044067,REJECT
test/broken_small/015.png,1,broken_small,0.005636320449411869,REJECT,0.9999909400939941,REJECT
test/broken_small/016.png,1,broken_small,0.01344645582139492,REJECT,0.9999854564666748,REJECT
test/broken_small/017.png,1,broken_small,0.03639591112732887,REJECT,0.999941349029541,REJECT
test/broken_small/018.png,1,broken_small,0.045667845755815506,REJECT,0.9999922513961792,REJECT
test/broken_small/020.png,1,broken_small,0.05820927768945694,REJECT,0.9999990463256836,REJECT
test/broken_small/021.png,1,broken_small,0.014845781028270721,REJECT,0.9999889135360718,REJECT
test/contamination/000.png,1,contamination,0.0033172150142490864,OK,0.999906063079834,REJECT
test/contamination/001.png,1,contamination,0.0030357809737324715,OK,0.9995256662368774,REJECT
test/contamination/002.png,1,contamination,0.00510744983330369,REJECT,0.9992204904556274,REJECT
test/contamination/005.png,1,contamination,0.009133460931479931,REJECT,0.9999921321868896,REJECT
test/contamination/007.png,1,contamination,0.14144167304039001,REJECT,0.9999909400939941,REJECT
test/contamination/008.png,1,contamination,0.004239602480083704,OK,0.9999960660934448,REJECT
test/contamination/012.png,1,contamination,0.005101433023810387,REJECT,0.9997360110282898,REJECT
test/contamination/013.png,1,contamination,0.2757856249809265,REJECT,0.9856712222099304,REJECT
test/contamination/014.png,1,contamination,0.02137073688209057,REJECT,0.01952020265161991,OK
test/contamination/018.png,1,contamination,0.0461297444999218,REJECT,0.9992557168006897,REJECT
test/contamination/019.png,1,contamination,0.0026019427459686995,OK,0.948445737361908,REJECT
